			N,ALB,Albania,565,albania
			L,kategoriasuperiore,10,Kategoria Superiore,
			N,ALG,Algeria,410,algeria
			L,ligue1,10,Ligue 1,
			N,ARG,Argentina,270,argentina
			C,supercup,1,Supercopa Argentina,
			L,superliga,10,Primera Divisi&oacute;n,
			L,paulista,20,Paulista,
			L,primeranacionalzonaa,31,Primera Nacional Zona A,
			L,primeranacionalzonab,32,Primera Nacional Zona B,
L,primerabnacional,30,Primera B Nacional,
L,primerabnacionalfaseprimerascensozonaa,31,Primera B Nacional Ascenzo Zone A (Rnd. 1),
L,primerabnacionalfaseprimerascensozonab,31,Primera B Nacional Ascenzo Zone B (Rnd. 1),
L,primerabnacionalfasesegundoascensozonaa,31,Primera B Nacional Ascenzo Zone A (Rnd. 2),
L,primerabnacionalfasesegundoascensozonab,31,Primera B Nacional Ascenzo Zone B (Rnd. 2),
C,primerabnacionalchampionshipplayoff,31,Primera B Nacional Championship Playoff,
C,primerabnacionalpromotionplayoff,32,Primera B Nacional Promotion Playoff,
			L,primerabmetropolitana,30,Primera B Metropolitana,
			L,primerabmetropolitanaapertura,30,Primera B Metropolitana Apertura,
			C,primerabmetropolitanaclausura,30,Primera B Metropolitana Clausura,
			C,primerabmetropolitanachampionshipplayoff,31,Primera B Metropolitana Championship Playoff,
			C,primerabmetropolitanapromotionplayoff,31,Primera B Metropolitana Promotion Playoff,
			L,federalazonaa,61,Federal A Zona A,
			L,federalazonab,61,Federal A Zona B,
			L,federalazona1,61,Federal A Zona 1,
			L,federalazona2,61,Federal A Zona 2,
			L,federalazona3,61,Federal A Zona 3,
			L,federalazona4,61,Federal A Zona 4,
			L,federalazona5,61,Federal A Zona 5,
			L,federalazona6,61,Federal A Zona 6,
L,federala2ndstagenorth,62,Federal A 2nd Stage North,
L,federala2ndstagesouth,62,Federal A 2nd Stage South,
L,federalapromotionzonaa,62,Federal A Promotion Zona A,
L,federalapromotionzonab,62,Federal A Promotion Zona B,
L,federalarelegationzonaa,63,Federal A Relegation Zona A,
L,federalarelegationzonab,63,Federal A Relegation Zona B,
L,federalarelegationzonac,63,Federal A Relegation Zona C,
L,federalarelegationzonad,63,Federal A Relegation Zona D,
L,federalarelegation2ndstage,64,Federal A Relegation 2nd Stage,
L,federalarelegationgroup,65,Federal A Relegation,
L,federalapromotionfinalgroup,66,Federal A Promotion Final Group,
C,federalapromotionplayoff,67,Federal A Promotion Playoff,
C,torneodeverano,70,Torneo de Verano,
C,cup,100,Copa Argentina,
C,copadelasuperliga,110,Copa De La Superliga,
C,copadelasuperligagroupa,111,Copa De La Superliga Group A,
C,copadelasuperligagroupb,112,Copa De La Superliga Group B,
C,copadelaligaprofesional,120,Copa de la Liga Profesional,
L,copaligaprofesionalzona1,120,Copa de la Liga Profesional Zona 1,
L,copaligaprofesionalzona2,121,Copa de la Liga Profesional Zona 2,
L,copaligaprofesionalzona3,122,Copa de la Liga Profesional Zona 3,
L,copaligaprofesionalzona4,123,Copa de la Liga Profesional Zona 4,
L,copaligaprofesionalzona5,124,Copa de la Liga Profesional Zona 5,
L,copaligaprofesionalzona6,125,Copa de la Liga Profesional Zona 6,
C,copadelaligaprofesional,111,Copa De La Liga Profesional,
C,copadiegoarmandomaradonachampionshipgroupa,0,Name, (ARG)
C,copadiegoarmandomaradonachampionshipplayoff,0,Name, (ARG)
C,copadiegoarmandomaradonacopasudamericanaplayoff,0,Name, (ARG)
C,copadiegoarmandomaradonacopasudamericanaplayoffgroupb,0,Name, (ARG)
C,federalachampionshipplayoff,0,Name, (ARG)
C,federalafaseprimerascensozonaa,0,Name, (ARG)
C,federalafaseprimerascensozonab,0,Name, (ARG)
C,federalafasesegundoascensozonab,0,Name, (ARG)
C,primerabmetropolitanafaseprimerascenso,0,Name, (ARG)
C,primerabmetropolitanafasesegundoascensozonaa,0,Name, (ARG)
C,primerabmetropolitanafasesegundoascensozonab,0,Name, (ARG)
C,primerabmetropolitanainstanciaeliminatoria,0,Name, (ARG)
L,copadiegoarmandomaradonazona1,151,Copa Diego Maradona Zona 1,
L,copadiegoarmandomaradonazona2,152,Copa Diego Maradona Zona 2,
L,copadiegoarmandomaradonazona3,153,Copa Diego Maradona Zona 3,
L,copadiegoarmandomaradonazona4,154,Copa Diego Maradona Zona 4,
L,copadiegoarmandomaradonazona5,155,Copa Diego Maradona Zona 5,
L,copadiegoarmandomaradonazona6,156,Copa Diego Maradona Zona 6,
L,copadiegoarmandomaradonachampionshipgroupa,157,Copa Diego Maradona Group A,
L,copadiegoarmandomaradonachampionshipgroupb,158,Copa Diego Maradona Group B,
C,copadiegoarmandomaradonacopasudamericanaplayoffgroupa,159,Copa Diego Maradona Copa Sudamericana Playoff Group A,
C,copadiegoarmandomaradonacopasudamericanaplayoffgroupb,160,Copa Diego Maradona Copa Sudamericana Playoff Group B,
C,copadiegoarmandomaradonachampionshipplayoff,16,Copa Diego Maradona Playoff, (ARG)
			N,ARM,Armenia,910,armenia
			L,premierleague,10,Premier League,
			N,AUS,Australia,40,australia
			L,aleague,10,A-League,
			C,aleagueplayoff,11,A-League Finals,
			L,wleague,11,W-League,
			C,wleagueplayoff,12,W-League Finals,
			C,ffacup,100,FFA Cup,
			N,AUT,Austria,140,austria
			L,bundesliga,10,Bundesliga,
			C,bundesligaqualification,11,Bundesliga,
L,bundesligachampionshipgroup,12,Bundesliga Championship Group,
L,bundesligarelegationgroup,12,Bundesliga Relegation Group,
L,bundesligaeuropaleagueplayoff,12,Bundesliga EL Playoff,
			L,2liga,20,2. Liga,
			C,cup,100,&Ouml;FB-Cup,
			N,AZE,Azerbaijan,820,azerbaijan
			L,premierleague,10,Premyer Liqa,
N,BLR,Belarus,450,belarus
C,supercup,1,Supercup,
			L,premierleague,10,Premier League,
			C,premierleaguequalification,11,Premier League Qualification,
C,cup,100,Belorussian FA Cup,
N,BEL,Belgium,80,belgium
C,supercup,1,Super Cup,
L,firstdivisiona,10,First Division A,
L,firstdivisionb2ndstage,11,First Division 2nd Stage,
C,firstdivisionaplayoffelgrpa,12,Europa League Playoff Qualifiers Group A,
C,firstdivisionaplayoffelgrpb,13,Europa League Playoff Qualifiers Group B,
C,firstdivisionaplayoffchampionshipgroup,14,First Division A Playoff Championship Group,
C,firstdivisionaplayoffelfinalstage,15,First Division Playoff Europa League Playoff,
L,firstdivisionb,20,First Division B,
L,firstdivisionb1ststage,20,First Division B 1st Stage,
C,firstdivisionbpromotionplayoff,21,First Division B Promotion Playoff,
L,firstdivisionbrelegationgroup,22,First Division B Relegation Group,
C,cup,100,Belgian Cup,
N,BOL,Bolivia,760,bolivia
L,primeradivision,10,Liga Nacional,
L,primeradivisionclausura,10,Liga Nacional Clausura,
L,primeradivisionapertura,10,Liga Nacional Apertura,
C,primeradivisionclausuraadecuacion,10,Liga Nacional Clausura Adecuaci&oacute;n,
C,primeradivisionaperturaadecuacion,10,Liga Nacional Apertura Adecuaci&oacute;n,
C,primeradivisionqualification,11,Liga Nacional Qualification,
C,primeradivisionaperturachampionshipplayoff,15,Liga Nacional Apertura - Playoff,
C,primeradivisioncopasudamericanaplayoff,16,Liga Nacional Copa Sudamericana Playoff,
C,primeradivisionaperturafinalstage,17,Liga Nacional Finals,
N,BIH,Bosnia-Herzogovina,540,bosniaherzogovina
L,premierleague,10,Premijer Liga,
L,premierleaguechampionshipgroup,11,Premijer Liga Championship Group,
L,premierleaguerelegationgroup,12,Premijer Liga Relegation Group,
N,BRA,Brazil,360,brazil
C,supercup,1,Super Cup,
			L,seriea,10,Serie A,
			L,serieb,15,Serie B,
L,paulista,20,Campeonato Paulista,
L,paulistaa1,20,Campeonato Paulista,
C,paulistaa1playoff,21,Campeonato Paulista Playoff,
C,paulistaa1trophyinterior,22,Campeonato Paulista Trophy Interior,
C,paulistaa1trophyinteriorplayoff,23,Campeonato Paulista Trophy Interior Playoff,
L,mineiro,20,Campeonato Mineiro,
C,mineiroplayoff,21,Campeonato Mineiro Playoffs,
C,mineirotrofeuinconfidenciaplayoff,21,Mineiro Trofeu Inconfidencia Playoff,
C,cariocatacaguanabara,21,Carioca Ta&ccedil;a Guanabara,
C,cariocapreliminarystage,21,Carioca Ta&ccedil;a Preliminary Round,
L,cariocatacaguanabaragrpa,21,Carioca Ta&ccedil;a Guanabara Group A,
L,cariocatacaguanabaragrpb,22,Carioca Ta&ccedil;a Guanabara Group B,
L,cariocatacaguanabaragrpc,23,Carioca Ta&ccedil;a Guanabara Group C,
C,carioca2ndrelegationgroupstage~carioca2ndstagerelegationgroup,24,Carioca Ta&ccedil;a 2nd Stage Relegation Group,
C,cariocatacaguanabaraplayoff,25,Carioca Ta&ccedil;a Guanabara Playoff,
C,cariocatacariogroupstage,26,Carioca Ta&ccedil;a Rio Group Stage,
C,cariocatacariogroupa,27,Carioca Ta&ccedil;a Rio Group A,
C,cariocatacariogroupb,27,Carioca Ta&ccedil;a Rio Group B,
C,cariocatacarioplayoff,27,Carioca Ta&ccedil;a Rio Playoff,
C,cariocachampionshipplayoff,28,Carioca Ta&ccedil;a Championship Playoff,
C,cup,10,Copa do Brasil,
N,BUL,Bulgaria,390,bulgaria
C,supercup,1,Bulgarian Super Cup,
L,firstprofessionalleague,10,First League,
L,firstprofessionalleague1ststage,10,First League (1st Stage),
C,firstprofessionalleaguechampionshipplayoff,11,First League Championship Playoff,
C,firstprofessionalleagueeuropaleagueplayoff,12,First League Europa League Playoff,
L,firstprofessionalleaguerelegationgrp1,13,First League Relegation Group 1,
L,firstprofessionalleaguerelegationgrp2,14,First League Relegation Group 2,
C,firstprofessionalleaguerelegationplayoff,15,First League Relegation Playoff,
C,firstprofessionalleaguequalification,16,First League Qualification,
C,firstprofessionalleaguequalificationplayoff,16,First League Qualification Playoff,
C,cup,100,Bulgarian FA Cup,
			N,CAN,Canada,210,canada
			L,premierleague,10,Canadian Premier League,
L,premierleaguechampionshipfinal,11,Canadian Premier League Final,
L,premierleaguechampionshipgroupstage,11,Canadian Premier Leage Group Stage
L,premierleaguefallseason,10,Canadian Premier League (Fall),
L,canadianchampionship,20,Canadian Championship,
N,CHI,Chile,580,chile
C,supercup,1,Supercopa de Chile,
L,primeradivision,10,Primera Divisi&oacute;n,
L,primeradivisionapertura,10,Primera Divisi&oacute;n - Apertura,
L,primeradivisionclausura,10,Primera Divisi&oacute;n - Clausura,
C,primeradivisiontorneodetransicion,12,Primera Divisi&oacute;n Torneo De Transicion,
C,primeradivisionaperturacopalibertadoresplayoff~primeradivisioncopalibertadoresplayoff,15,Copa Libertadores Playoff,
C,primeradivisionrelegationplayoff,13,Primera Divisi&oacute;n Relegation Playoff,
C,primeradivisionqualification,16,Primera Divisi&oacute;n Qualification,
			C,cup,100,Copa Chile,
N,CHN,China,530,china
C,supercup,1,Super Cup,
			L,superleague,10,Super League,
			L,superleaguegrpa,11,Super League Group A,
			L,superleaguegrpb,12,Super League Group B,
C,superleaguechampionshipplayoff,12,Super League Championship Playoff,
C,superleagueplacementmatches,12,Super League Placement Matches,
C,superleaguequalification~chinaleaguequalification,11,Super League Qualification,
C,cup,100,Chinese FA Cup,
N,COL,Colombia,620,colombia
L,primeraaapertura,10,Primera A - Apertura,
L,primeraaclausura,10,Primera A - Clausura,
L,primeraaliguillagrpa,11,Primera A - Liguilla Grupo A,
L,primeraaliguillagrpb,11,Primera A - Liguilla Grupo B,
L,primeraaliguillagrpc,11,Primera A - Liguilla Grupo C,
C,primeraaliguillafinalstage,12,Primera A - Liguilla Finals,
C,primeraaaperturafinalstage,12,Primera A Apertura Finals,
C,primeraaclausurafinalstage,12,Primera A Clausura Finals,
C,primeraaaperturaplayoffgrpa,12,Primera A Apertura Playoff Group A,
C,primeraaaperturaplayoffgrpb,12,Primera A Apertura Playoff Group B,
C,primeraaclausuraplayoffgrpa,12,Primera A Clausura Playoff Group A,
C,primeraaclausuraplayoffgrpb,12,Primera A Clausura Playoff Group B,
C,primeraacopasudamericanaplayoff,0,Primera A Copa Sudamericana Playoff, (COL)
C,primeraachampionshipfinal,15,Primera A Championship Final,
N,CRC,Costa Rica,430,costarica
L,primeradivisionapertura,10,Primera Division Apertura,
C,primeradivisionaperturafinalstage,11,Primera Division Apertura Finals,
L,primeradivisionclausura,10,Primera Division Clausura,
C,primeradivisionclausurafinalstage,11,Primera Division Clausura Finals,
L,primeratorneodeverano,20,Primera Torneo de Verano,
C,primeratorneodeveranofinalstage,21,Primera Torneo de Verano Final Stage,
C,primeratorneochampionshipfinal,22,Primera Torneo Championship Final,
C,primeratorneodeinviernofinalstage,22,Primera Torneo De Invierno Finals,
C,primeradivisionaperturachampionshipfinal,22,Primera Division Apertura Championship Final,
C,primeradivisionaperturafinalstage,22,Primera Division Apertura Finals,
C,primeradivisionclausura,22,Primera Division Clausura,
C,primeradivisionclausurachampionshipfinal,22,Primera Division Clausura Finals,
C,primeradivisionaperturarelegationplayoff,22,Primera Division Apertura Relegation Playoff,
N,CRO,Croatia,290,croatia
C,supercup,1,Super Cup,
L,1division,10,Prva Liga,
C,1divisionqualification,11,Prva Liga Qualification,
C,facup,100,Nogometni Kup,
N,CYP,Cyprus,550,cyprus
C,supercup,1,Cypriot Super Cup,
L,1division,10,First Division,
C,1divisionchampionshipplayoff,11,First Division Championship Playoff,
C,1divisionrelegationplayoff,12,First Division Relegation Playoff,
C,cup,100,Cypriot FA Cup,
C,cupfinalstage,105,Cypriot Cup Final Stages,
N,CZE,Czech Republic,220,czechrepublic
L,1liga,10,Prvn&iacute; Liga,
C,1ligachampionshipgroup,11,Prvn&iacute; Liga Championship Group,
C,1ligaeuropaleagueplayoff,12,Prvn&iacute; Liga Europa League Playoff,
C,1ligarelegationgroup,13,Prvn&iacute; Liga Relegation Group,
C,1ligaqualification,14,Prvn&iacute; Liga Qualification,
L,fnl,20,N&aacute;rodn&iacute; Liga,
C,cup,100,Poh&aacute;r FA&Ccaron;R,
N,DEN,Denmark,120,denmark
L,superligaen,10,Superlig&aelig;n,
L,superligaenrelegationgroup,10,Superlig&aelig;n Relegation Group,
L,kvindeligaen,10,Kvinde Lig&aelig;n,
C,kvindeligaenchampionshipgroup,10,Kvinde Lig&aelig;n Championship Group,
L,3fligaenchampionshipgroup,10,Elitedivisionen Qv,
C,superligaenchampionshipplayoff,11,Superlig&aelig;n Championship Playoff,
L,superligaenrelegationgrp1,12,Superlig&aelig;n Relegation Group 1,
L,superligaenrelegationgrp2,13,Superlig&aelig;n Relegation Group 2,
C,superligaeneuropaleagueplayoff,14,Superlig&aelig;n Europa League Playoff,
C,superligaenrelegationplayoff,15,Superlig&aelig;n Relegation Playoff,
C,superligaenqualification,16,Superlig&aelig;n Qualification,
L,1division,20,1. Division,
L,1divisionpromotiongroup,20,1. Division Promotion Group,
L,1divisionrelegationgroup,20,1. Division Relegation Group,
L,2divisiongrp1,30,2. Division Group 1,
L,2divisiongrp2,31,2. Division Group 2,
L,2divisiongrp3,32,2. Division Group 3,
L,2divisionpromotiongroup,25,2. Division Promotion Group,
L,2divisionrelegationgroup,26,2. Division Relegation Group,
C,dbupokalen,100,DBU Pokalen,
N,ECU,Ecuador,750,ecuador
			L,seriea,10,Serie A,
			L,serieafirststage,10,Series A (1st Stage),
			L,serieaapertura,10,Serie A Apertura,
			L,serieaclausura,10,Serie A Clausura,
C,serieacopasudamericanaplayoff,11,Serie A Copa Sudamericana Playoff,
L,serieasecondstage,11,Serie A 2<sup>nd</sup> Stage,
C,serieafinalstage,12,Serie A Finals,
			N,EGY,Egypt,790,egypt
			L,premierleague,10,Premier League,
			C,cup,100,Egypt FA Cup,
N,SLV,El Salvador,780,elsalvador
L,primeradivisionapertura,10,Primera Divisi&oacute;n - Apertura,
L,primeradivisionaperturafinalstage,12,Primera Divisi&oacute;n - Apertura Finals,
L,primeradivisionaperturafirststagegrouporiental,13,Primera Apertura 1st Stage Oriental,
L,primeradivisionaperturafirststagegroupcentral,13,Primera Apertura 1st Stage Central,
L,primeradivisionaperturafirststagegroupoccidental,13,Primera Apertura 1st Stage Occidental,
L,primeradivisionaperturasecondstagegroupa,14,Primera Divisi&oacute;n - Apertura 2<sup>nd</sup> Stage Group A,
L,primeradivisionaperturasecondstagegroupb,14,Primera Divisi&oacute;n - Apertura 2<sup>nd</sup> Stage Group B,
L,primeradivisionclausura,10,Primera Divisi&oacute;n - Clausura,
L,primeradivisionclausurarelegationplayoff,11,Primera Divisi&oacute;n - Relegation Playoff,
L,primeradivisionclausurafirststagegroupcentral,11,Primera Divisi&oacute;n Clausura 1st Stage Central, (SLV)
L,primeradivisionclausurafirststagegroupoccidental,12,Primera Divisi&oacute;n Clausura 1st Stage Occidental, (SLV)
L,primeradivisionclausurafirststagegrouporiental,13,Primera Divisi&oacute;n Clausura 1st Stage Oriental, (SLV)
L,primeradivisionclausurasecondstagegroupa,14,Primera Divisi&oacute;n Clausura 2nd Stage Group A, (SLV)
L,primeradivisionclausurasecondstagegroupb,14,Primera Divisi&oacute;n Clausura 2nd Stage Group B, (SLV)
L,primeradivisionclausurafinalstage,12,Primera Divisi&oacute;n - Clausura Finals,
N,ENG,England,20,england
C,communityshield,1,FA Community Shield,
L,premierleague,10,Premier League,
L,wsl,10,Women's Super League,
L,championship,20,Championship,
C,championshipplayoff,21,Championship Playoff,
L,league1~leagueone,30,League One,
C,league1playoff,31,League One Playoff,
L,league2~leaguetwo,40,League Two,
C,league2playoff,41,League Two Playoff,
L,nationalleague,50,National League,
C,nationalleagueplayoff,51,National League Playoff,
L,nationalleaguenorth,60,National League North,
C,nationalleaguenorthplayoff,61,National League North Playoff,
L,nationalleaguesouth,65,National League South,
C,nationalleaguesouthplayoff,66,National League South Playoff,
L,premierleagueu18,67,Premier League Under-18s,
C,eflcup,70,EFL Cup,
L,efltrophynortherngrpa,71,EFL Trophy Northern Group A,
L,efltrophynortherngrpb,72,EFL Trophy Northern Group B,
L,efltrophynortherngrpc,73,EFL Trophy Northern Group C,
L,efltrophynortherngrpd,74,EFL Trophy Northern Group D,
L,efltrophynortherngrpe,75,EFL Trophy Northern Group E,
L,efltrophynortherngrpf,76,EFL Trophy Northern Group F,
L,efltrophynortherngrpg,77,EFL Trophy Northern Group G,
L,efltrophynortherngrph,78,EFL Trophy Northern Group H,
L,efltrophysoutherngrpa,79,EFL Trophy Southern Group A,
L,efltrophysoutherngrpb,80,EFL Trophy Southern Group B,
L,efltrophysoutherngrpc,81,EFL Trophy Southern Group C,
L,efltrophysoutherngrpd,82,EFL Trophy Southern Group D,
L,efltrophysoutherngrpe,83,EFL Trophy Southern Group E,
L,efltrophysoutherngrpf,84,EFL Trophy Southern Group F,
L,efltrophysoutherngrpg,85,EFL Trophy Southern Group G,
L,efltrophysoutherngrph,86,EFL Trophy Southern Group H,
C,efltrophyfinalstage,87,EFL Trophy Finals,
L,isthmianpremierdivision,90,Isthmian League,
L,northernpremierdivision,90,Northern Premier Division,
L,premierleague2division1,90,Premier League 2 Division 1,
L,premierleague2division2,90,Premier League 2 Division 2,
L,southernpremierdivisioncentral,90,Southern Premier Division Central,
L,southernpremierdivisionsouth,90,Southern Premier Divison South,
L,footballsstayinghomecup,99,Football's Staying Home Cup,
C,facup,100,The FA Cup,
C,womensfacup,100,The Women's FA Cup,
C,fatrophy,101,The FA Trophy,
			N,EST,Estonia,460,estonia
			C,supercup,1,Eesti Superkarikas,
			L,meistriliiga,10,Meistriliiga,
			L,meistriliigaqualification,11,Meistriliiga Qualification,
N,FRO,Faroe Islands,900,faroeislands
L,premierleague,10,Faroese Premier League,
C,premierleaguequalification,11,Premier League Qualification,
N,FIN,Finland,320,finland
			L,veikkausliiga,10,Veikkausliiga,
L,veikkausliigachampionshipgroup,11,Veikkausliiga Championship Group,
L,veikkausliigarelegationgroup,12,Veikkausliiga Relegation Group,
L,veikkausliigaeuropaleagueplayoff,12,Veikkausliiga UEL Qualifiers,
			C,veikkausligaqualification~veikkausliigaqualification,11,Veikkausliga Qualification,
			L,ykkonen,20,Ykkonen,
			C,cupgrpa,101,Suomen Cup Group A,
			C,cupgrpb,102,Suomen Cup Group B,
			C,cupgrpc,103,Suomen Cup Group C,
			C,cupgrpd,104,Suomen Cup Group D,
			C,cupgrpe,105,Suomen Cup Group E,
			C,cupgrpf,106,Suomen Cup Group F,
			C,cupfinalstage,107,Suomen Cup Finals,
N,FRA,France,70,france
C,supercup,1,Troph&eacute;e des Champions,
L,ligue1,10,Ligue 1,
L,division1,11,Division 1 F&eacute;menine,
C,ligue1qualification,11,Ligue 1 Qualification,
L,ligue2,20,Ligue 2,
C,ligue2qualification,21,Ligue 2 Qualification,
L,national,30,National,
C,leaguecupqualification,50,League Cup Qualification,
C,leaguecup,50,Coupe de la Ligue,
C,coupedefrance,100,Coupe de France,
N,GEO,Georgia,870,georgia
L,erovnuliligaqualification,10,Erovnuli Liga,
C,erovnuliligaqualification,11,Erovnuli Liga Qualification,
N,GER,Germany,50,germany
C,supercup,1,DFL-Supercup,
L,1bundesliga,10,1. Bundesliga,
L,bundesliga,11,Frauen-Bundesliga,
C,1bundesligaqualification,11,1. Bundesliga Qualification,
L,2bundesliga,20,2. Bundesliga,
C,2bundesligaqualification,21,2. Bundesliga Qualification,
L,3liga,30,3. Liga,
C,regionalligapromotionplayoff,31,Regionalliga Promotion Playoff,
L,regionalliganortheast,41,Regionalliga Nordost,
L,regionalliganortheastqualification,42,Regionalliga Nordost Qualification,
L,regionalliganorth,43,Regionalliga Nord,
L,regionalliganorthgroupsouth,43,Regionalliga North (Southern Group),
L,regionalliganorthgroupnorth,43,Regionalliga North (Northern Group),
L,regionalliganorthqualification,44,Regionalliga Nord Qualification,
L,regionalligasouthwest,45,Regionalliga S&uuml;dwest,
L,regionalligasouthwestqualification,46,Regionalliga S&uuml;dwest Qualification,
L,regionalligawest,47,Regionalliga West,
L,regionalligawestqualification,48,Regionalliga West Qualification,
L,regionalligabayern,49,Regionalliga Bayern,
C,regionalligabayernqualification,50,Regionalliga Bayern Qualification,
C,dfbpokal,100,DFB Pokal,
C,telekomcupsummer,120,Telekom Cup (Summer),
			N,GHA,Ghana,930,ghana
			L,premierleague,10,Ghana Premier League,
N,GRE,Greece,370,greece
L,superleague,10,Super League,
C,superleagueplayoffgroup,11,Super League Playoff Group,
C,superleaguechampionshipgroup,11,Super League Championship Group,
C,superleaguerelegationgroup,11,Super League Relegation Group,
C,superleaguequalification,12,Super League Qualification,
L,superleague2,20,Super League 2,
C,superleague2promotiongroup,21,Super League 2 Promotion Group,
C,superleague2relegationgroup,21,Super League 2 Relegation Group,
C,cuppreliminaryround,99,FA Cup Preliminary Round,
C,cup,100,Greek FA Cup,
C,cupgrp1,100,Greek FA Cup Group 1,
C,cupgrp2,101,Greek FA Cup Group 2,
C,cupgrp3,102,Greek FA Cup Group 3,
C,cupgrp4,103,Greek FA Cup Group 4,
C,cupgrp5,104,Greek FA Cup Group 5,
C,cupgrp6,105,Greek FA Cup Group 6,
C,cupgrp7,106,Greek FA Cup Group 7,
C,cupgrp8,107,Greek FA Cup Group 8,
C,cupfinalstage,110,Greek FA Cup Finals,
N,GUA,Guatemala,700,guatemala
L,liganacionalapertura,10,Liga Nacional - Apertura,
L,liganacionalclausura,10,Liga Nacional - Clausura,
C,liganacionalclausurafinalstage,11,Liga Nacional - Clausura Finals,
C,liganacionalaperturafinalstage,11,Liga Nacional - Apertura Finals,
C,liganacionalconcacafchampionsleagueplayoff,12,Liga Nacional - CONCACAF Champions League Playoff,
N,HON,Honduras,610,honduras
L,liganacionalapertura,10,Liga Nacional - Apertura,
L,liganacionalclausura,10,Liga Nacional - Clausura,
C,liganacionalaperturafinalstage~liganacionalaperturafinalgroup,11,Liga Nacional - Apertura Finals,
C,liganacionalclausurafinalstage,11,Liga Nacional - Clausura Finals,
C,liganacionalconcacafchampionsleagueplayoff,12,Liga Nacional CONCACAF CL Playoffs,
C,liganacionalrelegationgroup,13,Liga Nacional Relegation Group,
C,liganacionalaperturagrandfinal,14,Liga Nacional Apertura Final,
N,HUN,Hungary,340,hungary
L,nbi,10,Nemzeti Bajnoks&aacute;g I,
C,facup,100,Magyar Kupa,
			N,ISL,Iceland,640,iceland
			L,urvalsdeild,10,Urvalsdeild,
			L,1deild,20,1. Deild,
			C,cup,100,Icelandic FA Cup,
N,IND,India,770,india
L,ileague,10,I-League,
L,ileaguechampionshipgroup,11,I-League Championship Group,
L,ileaguerelegationgroup,12,I-League Relegation Group,
L,indiansuperleague,10,Indian Super League,
C,indiansuperleaguefinalstage,11,Indian Super League Finals,
			N,IDN,Indonesia,810,indonesia
			L,liga1,10,Liga 1,
N,INT,Internationals,10,internationals
#,,,,
# World Cup and International Comps,,,,
#,,,,
L,worldcupgrpa,1,World Cup 2022 Group A,
L,worldcupgrpb,2,World Cup 2022 Group B,
L,worldcupgrpc,3,World Cup 2022 Group C,
L,worldcupgrpd,4,World Cup 2022 Group D,
L,worldcupgrpe,5,World Cup 2022 Group E,
L,worldcupgrpf,6,World Cup 2022 Group F,
L,worldcupgrpg,7,World Cup 2022 Group G,
L,worldcupgrph,8,World Cup 2022 Group H,
C,worldcup18finals~worldcupquarterfinals~worldcupsemifinals~worldcupbronzematch~worldcupfinal,9,World Cup 2022 Finals,
C,worldcupqualificationuefaplayoff,11,Women's WCQ European Qualifiers,
L,worldcupqualificationuefagrp1,11,Women's WCQ Europe (UEFA) Group 1,
L,worldcupqualificationuefagrp2,12,Women's WCQ Europe (UEFA) Group 2,
L,worldcupqualificationuefagrp3,13,Women's WCQ Europe (UEFA) Group 3,
L,worldcupqualificationuefagrp4,14,Women's WCQ Europe (UEFA) Group 4,
L,worldcupqualificationuefagrp5,15,Women's WCQ Europe (UEFA) Group 5,
L,worldcupqualificationuefagrp6,16,Women's WCQ Europe (UEFA) Group 6,
L,worldcupqualificationuefagrp7,17,Women's WCQ Europe (UEFA) Group 7,
L,worldcupqualificationuefagrp8,18,Women's WCQ Europe (UEFA) Group 8,
L,worldcupqualificationuefagrp9,19,Women's WCQ Europe (UEFA) Group 9,
L,worldcupqualificationuefa1stroundgrpa,11,WCQ Europe (UEFA) 1st Round Group A,
L,worldcupqualificationuefa1stroundgrpb,12,WCQ Europe (UEFA) 1st Round Group B,
L,worldcupqualificationuefa1stroundgrpc,13,WCQ Europe (UEFA) 1st Round Group C,
L,worldcupqualificationuefa1stroundgrpd,14,WCQ Europe (UEFA) 1st Round Group D,
L,worldcupqualificationuefa1stroundgrpe,15,WCQ Europe (UEFA) 1st Round Group E,
L,worldcupqualificationuefa1stroundgrpf,16,WCQ Europe (UEFA) 1st Round Group F,
L,worldcupqualificationuefa1stroundgrpg,17,WCQ Europe (UEFA) 1st Round Group G,
L,worldcupqualificationuefa1stroundgrph,18,WCQ Europe (UEFA) 1st Round Group H,
L,worldcupqualificationuefa1stroundgrpi,19,WCQ Europe (UEFA) 1st Round Group I,
L,worldcupqualificationuefa1stroundgrpj,20,WCQ Europe (UEFA) 1st Round Group J,
C,worldcupqualificationuefa2ndround,20,WCQ Europe (UEFA) 2nd Round,
C,worldcupqualificationafc1stround,24,WCQ Asia (AFC) 1st Round,
L,worldcupqualificationafc2ndroundgrpa,25,WCQ Asia (AFC) 2nd Round Group A,
L,worldcupqualificationafc2ndroundgrpb,26,WCQ Asia (AFC) 2nd Round Group B,
L,worldcupqualificationafc2ndroundgrpc,27,WCQ Asia (AFC) 2nd Round Group C,
L,worldcupqualificationafc2ndroundgrpd,28,WCQ Asia (AFC) 2nd Round Group D,
L,worldcupqualificationafc2ndroundgrpe,29,WCQ Asia (AFC) 2nd Round Group E,
L,worldcupqualificationafc2ndroundgrpf,30,WCQ Asia (AFC) 2nd Round Group F,
L,worldcupqualificationafc2ndroundgrpg,31,WCQ Asia (AFC) 2nd Round Group G,
L,worldcupqualificationafc2ndroundgrph,32,WCQ Asia (AFC) 2nd Round Group H,
L,worldcupqualificationafc3rdroundgrpa,26,WCQ Asia (AFC) 3rd Round Group A,
L,worldcupqualificationafc3rdroundgrpb,27,WCQ Asia (AFC) 3rd Round Group B,
C,worldcupqualificationafc4thround,28,WCQ Asia (AFC) 4th Round,
L,worldcupqualificationconmebol,55,WCQ South America (ConMeBol),
L,worldcupqualificationconmebol1stround,55,WCQ South America (ConMeBol) 1st Round,
L,worldcupqualificationconcacaf1stroundgrpa,71,WCQ CoNCACAF 1st Round Group A,
L,worldcupqualificationconcacaf1stroundgrpb,72,WCQ CoNCACAF 1st Round Group B,
L,worldcupqualificationconcacaf1stroundgrpc,73,WCQ CoNCACAF 1st Round Group C,
L,worldcupqualificationconcacaf1stroundgrpd,74,WCQ CoNCACAF 1st Round Group D,
L,worldcupqualificationconcacaf1stroundgrpe,75,WCQ CoNCACAF 1st Round Group E,
L,worldcupqualificationconcacaf1stroundgrpf,76,WCQ CoNCACAF 1st Round Group F,
L,worldcupqualificationconcacaf2ndround,76,WCQ CoNCACAF 2nd Round,
L,worldcupqualificationconcacafgrpa,75,WCQ CoNCACAF Group A,
L,worldcupqualificationconcacafgrpb,76,WCQ CoNCACAF Group B,
L,worldcupqualificationconcacaffinalstage,77,WCQ CoNCACAF Final Stage,
L,worldcupqualificationofc3rdroundgrpa,90,WCQ Oceania 3rd Round Group A,
L,worldcupqualificationofc3rdroundgrpb,91,WCQ Oceania 3rd Round Group B,
C,worldcupqualificationofcfinalstage,93,WCQ Oceania Final Stage,
C,worldcupqualificationcaf1stround,94,WCQ Africa (CAF) 1st Round,
L,worldcupqualificationcaf3rdroundgrpa,94,WCQ Africa (CAF) 3rd Round Group A,
L,worldcupqualificationcaf3rdroundgrpb,95,WCQ Africa (CAF) 3rd Round Group B,
L,worldcupqualificationcaf3rdroundgrpc,96,WCQ Africa (CAF) 3rd Round Group C,
L,worldcupqualificationcaf3rdroundgrpd,97,WCQ Africa (CAF) 3rd Round Group D,
L,worldcupqualificationcaf3rdroundgrpe,98,WCQ Africa (CAF) 3rd Round Group E,
L,worldcupqualificationcaf3rdroundgrpf,99,WCQ Africa (CAF) 3rd Round Group F,
C,worldcupqualificationinterconfederationplayoff,9999,WCQ Inter-Confederation Playoff,
L,worldcupu20grpa,110,U20 World Cup Group A,
L,worldcupu20grpb,111,U20 World Cup Group B,
L,worldcupu20grpc,112,U20 World Cup Group C,
L,worldcupu20grpd,113,U20 World Cup Group D,
L,worldcupu20grpe,114,U20 World Cup Group E,
L,worldcupu20grpf,115,U20 World Cup Group F,
C,worldcupu20finalstage,116,U20 World Cup Finals,
L,worldcupu17grpa,140,U17 World Cup Group A,
L,worldcupu17grpb,141,U17 World Cup Group B,
L,worldcupu17grpc,142,U17 World Cup Group C,
L,worldcupu17grpd,143,U17 World Cup Group D,
L,worldcupu17grpe,144,U17 World Cup Group E,
L,worldcupu17grpf,145,U17 World Cup Group F,
C,worldcupu17finalstage,146,U17 World Cup Finals,
L,confederationscupgrpa,200,FIFA Confederations Cup Group A,
L,confederationscupgrpb,201,FIFA Confederations Cup Group B,
C,confederationscupfinalstage,202,FIFA Confederations Cup Finals,
C,fifaclubworldcup,220,FIFA Club World Cup,
C,algarvecup,251,Algarve Cup,
L,algarvecupgrpa,251,Algarve Cup Group A,
L,algarvecupgrpb,252,Algarve Cup Group B,
L,algarvecupgrpc,253,Algarve Cup Group C,
L,algarvecupgrpd,254,Algarve Cup Group D,
C,algarvecupfinalstage,255,Algarve Cup Finals,
C,theatlanticcup,8000,The Atlantic Cup,
L,theatlanticcupgrpa,8000,The Atlantic Cup Group A,
L,theatlanticcupgrpb,8001,The Atlantic Cup Group B,
C,theatlanticcupfinalstage,8002,The Atlantic Cup Final Stage,
L,toulontournamentgrpa,8010,Toulon Tournament Group A,
L,toulontournamentgrpb,8011,Toulon Tournament Group B,
L,toulontournamentgrpc,8012,Toulon Tournament Group C,
L,toulontournamentgrpd,8013,Toulon Tournament Group D,
C,toulontournamentplacementmatches,8014,Toulon Tournament Placement Matches,
C,toulontournamentfinalstage,8015,Toulon Tournament Finals,
C,uhrencup,8020,Uhrencup,
C,audicup,8040,Audi Cup,
C,championscup,8099,ICC Champions Cup,
C,championscupchina,8100,Champions Cup (China),
C,championscupnorthamerica,8101,Champions Cup (North America),
C,championscupsingapore,8102,Champions Cup (Singapore),
C,premierleagueasiatrophy,8200,Premier League Asia Trophy,
C,surugabankchampionship,8350,Suruga Bank Championship,
C,laligaworldtournament,8351,La Liga World Tournament,
C,kingscup,8352,King's Cup,
C,shebelievescup,8360,She Believes Cup,
			C,friendlies,9997,International Friendlies,
C,friendliesu21,9998,International Under-21 Friendlies,
			C,clubfriendlies,9999,Club Friendlies,
#,,,,
# UEFA,,,,
#,,,,
L,uefanationsleagueagrp1,411,UEFA Nations League Group A-1,
L,uefanationsleagueagrp2,412,UEFA Nations League Group A-2,
L,uefanationsleagueagrp3,413,UEFA Nations League Group A-3,
L,uefanationsleagueagrp4,414,UEFA Nations League Group A-4,
L,uefanationsleaguebgrp1,421,UEFA Nations League Group B-1,
L,uefanationsleaguebgrp2,422,UEFA Nations League Group B-2,
L,uefanationsleaguebgrp3,423,UEFA Nations League Group B-3,
L,uefanationsleaguebgrp4,424,UEFA Nations League Group B-4,
L,uefanationsleaguecgrp1,431,UEFA Nations League Group C-1,
L,uefanationsleaguecgrp2,432,UEFA Nations League Group C-2,
L,uefanationsleaguecgrp3,433,UEFA Nations League Group C-3,
L,uefanationsleaguecgrp4,434,UEFA Nations League Group C-4,
L,uefanationsleaguedgrp1,441,UEFA Nations League Group D-1,
L,uefanationsleaguedgrp2,442,UEFA Nations League Group D-2,
L,uefanationsleaguedgrp3,443,UEFA Nations League Group D-3,
L,uefanationsleaguedgrp4,444,UEFA Nations League Group D-4,
C,uefanationsleagueaplayoff,445,UEFA Nations League Group A Playoffs,
C,uefanationsleaguebplayoff,445,UEFA Nations League Group B Playoffs,
C,uefanationsleaguecplayoff,445,UEFA Nations League Group C Playoffs,
C,uefanationsleaguedplayoff,445,UEFA Nations League Group D Playoffs,
C,uefanationsleagueafinalstage,445,UEFA Nations League Finals,
L,euroqualificationgrpa,411,UEFA Championship Qualifiers Group A,
L,euroqualificationgrpb,412,UEFA Championship Qualifiers Group B,
L,euroqualificationgrpc,413,UEFA Championship Qualifiers Group C,
L,euroqualificationgrpd,414,UEFA Championship Qualifiers Group D,
L,euroqualificationgrpe,415,UEFA Championship Qualifiers Group E,
L,euroqualificationgrpf,416,UEFA Championship Qualifiers Group F,
L,euroqualificationgrpg,417,UEFA Championship Qualifiers Group G,
L,euroqualificationgrph,418,UEFA Championship Qualifiers Group H,
L,euroqualificationgrpi,419,UEFA Championship Qualifiers Group I,
L,euroqualificationgrpj,420,UEFA Championship Qualifiers Group J,
C,euroqualificationfinalstage,420,UEFA Championship Qualification Final Stage,
			L,euro,426,UEFA Euro 2020,
			L,eurogrpa,421,UEFA Euro 2020 Group A,
			L,eurogrpb,422,UEFA Euro 2020 Group B,
			L,eurogrpc,423,UEFA Euro 2020 Group C,
			L,eurogrpd,424,UEFA Euro 2020 Group D,
			L,eurogrpe,425,UEFA Euro 2020 Group E,
			L,eurogrpf,426,UEFA Euro 2020 Group F,
C,uefasupercup,299,UEFA Super Cup,
C,championsleaguequalificationpreliminaryround,300,UEFA Champions League Preliminaries,
			C,championsleaguequalification,300,UEFA Champions League Qualifiers,
			C,championsleaguefinalstage,320,UEFA Champions League Final Stages,
			L,championsleaguegrpa,321,UEFA Champions League Group A,
			L,championsleaguegrpb,322,UEFA Champions League Group B,
			L,championsleaguegrpc,323,UEFA Champions League Group C,
			L,championsleaguegrpd,324,UEFA Champions League Group D,
			L,championsleaguegrpe,325,UEFA Champions League Group E,
			L,championsleaguegrpf,326,UEFA Champions League Group F,
			L,championsleaguegrpg,327,UEFA Champions League Group G,
			L,championsleaguegrph,328,UEFA Champions League Group H,
C,europaleaguequalificationpreliminaryround,400,UEFA Europa League Preliminary Round,
			C,europaleaguequalification,400,UEFA Europa League Qualifiers,
			C,europaleaguefinalstage,420,UEFA Europa League Finals,
			L,europaleaguegrpa,421,UEFA Europa League Group A,
			L,europaleaguegrpb,422,UEFA Europa League Group B,
			L,europaleaguegrpc,423,UEFA Europa League Group C,
			L,europaleaguegrpd,424,UEFA Europa League Group D,
			L,europaleaguegrpe,425,UEFA Europa League Group E,
			L,europaleaguegrpf,426,UEFA Europa League Group F,
			L,europaleaguegrpg,427,UEFA Europa League Group G,
			L,europaleaguegrph,428,UEFA Europa League Group H,
			L,europaleaguegrpi,429,UEFA Europa League Group I,
			L,europaleaguegrpj,430,UEFA Europa League Group J,
			L,europaleaguegrpk,431,UEFA Europa League Group K,
			L,europaleaguegrpl,432,UEFA Europa League Group L,
L,eurou17grpa,440,Under 17 European Cup Group A,
L,eurou17grpb,441,Under 17 European Cup Group B,
L,eurou17grpc,442,Under 17 European Cup Group C,
L,eurou17grpd,443,Under 17 European Cup Group D,
C,eurou17quarterfinals,444,U17 European Cup Quarter Finals,
C,eurou17semifinals,445,U17 European Cup Semi Finals,
C,eurou17worldcupu17playoff,446,U17 European World Cup Playoff,
C,eurou17final,447,U17 European Cup Final,
L,eurou19grpa,448,Under 19 European Cup Group A,
L,eurou19grpb,449,Under 19 European Cup Group B,
L,eurou19grpc,450,Under 19 European Cup Group C,
L,eurou19grpd,451,Under 19 European Cup Group D,
C,eurou19semifinals,452,Under 19 European Cup Semi-Finals,
C,eurou19worldcupu20playoff,453,Under 19 European Cup U20 Finals,
C,eurou19final,452,Under 19 European Cup Final,
L,eurou21qualificationgrp1~eurou21qualificationgrpa,452,Under 21 European Cup Qualifiers Group 1,
L,eurou21qualificationgrp2~eurou21qualificationgrpb,453,Under 21 European Cup Qualifiers Group 2,
L,eurou21qualificationgrp3~eurou21qualificationgrpc,454,Under 21 European Cup Qualifiers Group 3,
L,eurou21qualificationgrp4~eurou21qualificationgrpd,455,Under 21 European Cup Qualifiers Group 4,
L,eurou21qualificationgrp5~eurou21qualificationgrpe,456,Under 21 European Cup Qualifiers Group 5,
L,eurou21qualificationgrp6~eurou21qualificationgrpf,457,Under 21 European Cup Qualifiers Group 6,
L,eurou21qualificationgrp7~eurou21qualificationgrpg,458,Under 21 European Cup Qualifiers Group 7,
L,eurou21qualificationgrp8~eurou21qualificationgrph,459,Under 21 European Cup Qualifiers Group 8,
L,eurou21qualificationgrp9~eurou21qualificationgrpi,460,Under 21 European Cup Qualifiers Group 9,
C,eurou21qualificationplayoff,461,Under 21 European Cup Qualifier Playoff,
L,eurou21grpa,452,Under 21 European Cup Qualifiers Group A,
L,eurou21grpb,453,Under 21 European Cup Qualifiers Group B,
L,eurou21grpc,454,Under 21 European Cup Qualifiers Group C,
L,eurou21grpd,455,Under 21 European Cup Qualifiers Group D,
L,eurou21grpe,456,Under 21 European Cup Qualifiers Group E,
L,eurou21grpf,457,Under 21 European Cup Qualifiers Group F,
L,eurou21grpg,458,Under 21 European Cup Qualifiers Group G,
L,eurou21grph,459,Under 21 European Cup Qualifiers Group H,
L,eurou21grpi,460,Under 21 European Cup Qualifiers Group I,
C,eurou21quarterfinals,457,Under 21 European Cup Quarter Finals,
C,eurou21semifinals,458,Under 21 European Cup Semi Finals,
C,eurou21final,459,Under 21 European Cup Final,
C,europeanchampionships,460,UEFA Women's Championships,
L,europeanchampionshipsgrpa,460,European Women's Championships Group A,
L,europeanchampionshipsgrpb,461,European Women's Championships Group B,
L,europeanchampionshipsgrpc,462,European Women's Championships Group C,
L,europeanchampionshipsgrpd,463,European Women's Championships Group D,
C,europeanchampionshipsfinalstage,464,European Women's Championships Final Stage,
#,,,,
# CONCACAF,,,,
#,,,,
C,copacentroamericana,500,Copa Centroamericana,
C,concacafchampionsleague,510,CONCACAF Champions League,
C,concacafchampionsleaguequalification,511,CONCACAF Champions League Qualification,
C,concacafchampionsleaguefinalstage,525,CONCACAF Champions League Finals,
L,concacafleague,526,CONCACAF League,
			C,concacafgoldcup,550,CONCACAF Gold Cup,
			L,concacafgoldcupgrpa,550,CONCACAF Gold Cup Group A,
			L,concacafgoldcupgrpb,551,CONCACAF Gold Cup Group B,
			L,concacafgoldcupgrpc,552,CONCACAF Gold Cup Group C,
			L,concacafgoldcupgrpd,553,CONCACAF Gold Cup Group D,
			C,concacafgoldcupfinalstage,554,CONCACAF Gold Cup Finals,
C,campeonescup,554,Campeones Cup,
			C,copaamerica,555,Copa America,
			L,copaamericazonanorte,555,Copa America Zona Norte,
			L,copaamericazonasur,556,Copa America Zone Sur,
			C,copaamericafinalstage,558,Copa America Finals,
C,leaguescup,559,Leagues Cup,
L,concacafnationsleagueagrp1,560,CONCACAF Nations League Group A/1,
L,concacafnationsleagueagrp2,560,CONCACAF Nations League Group A/2,
L,concacafnationsleagueagrp3,560,CONCACAF Nations League Group A/3,
L,concacafnationsleagueagrp4,560,CONCACAF Nations League Group A/4,
L,concacafnationsleaguebgrp1,560,CONCACAF Nations League Group B/1,
L,concacafnationsleaguebgrp2,560,CONCACAF Nations League Group B/2,
L,concacafnationsleaguebgrp3,560,CONCACAF Nations League Group B/3,
L,concacafnationsleaguebgrp4,560,CONCACAF Nations League Group B/4,
L,concacafnationsleaguecgrp1,560,CONCACAF Nations League Group C/1,
L,concacafnationsleaguecgrp2,560,CONCACAF Nations League Group C/2,
L,concacafnationsleaguecgrp3,560,CONCACAF Nations League Group C/3,
L,concacafnationsleaguecgrp4,560,CONCACAF Nations League Group C/4,
C,concacafnationsleagueachampionshipplayoff,560,CONCACAF Nations League Group A Playoffs,
C,concacafsummerolympicsqualificationsecondstagegrpa,570,CONCACAF Olympics Qualifiers (2nd Stage) Group A,
C,concacafsummerolympicsqualificationsecondstagegrpb,571,CONCACAF Olympics Qualifiers (2nd Stage) Group B,
C,concacafsummerolympicsqualificationfinalstage,572,CONCACAF Olympics Qualifiers,
L,concacafolympicqualifyingchampionshipgrpa,571,CONCACAF Olympic Quals Group A,
L,concacafolympicqualifyingchampionshipgrpb,572,CONCACAF Olympic Quals Group B,
L,concacafolympicqualifyingchampionshipgrpc,573,CONCACAF Olympic Quals Group C,
L,concacafolympicqualifyingchampionshipgrpd,574,CONCACAF Olympic Quals Group D,
L,concacafolympicqualifyingchampionshipgrpe,575,CONCACAF Olympic Quals Group E,
L,concacafolympicqualifyingchampionshipgrpf,576,CONCACAF Olympic Quals Group F,
C,concacafolympicqualifyingchampionshipfinalstage,577,CONCACAF Olympics Final Qualifiers,
#,,,,
# CONMEBOL,,,,
#,,,,
C,copalibertadoresqualification,600,Copa Libertadores Qualification,
L,copalibertadoresgrp1~copalibertadoresgrpa,601,Copa Libertadores Group 1,
L,copalibertadoresgrp2~copalibertadoresgrpb,602,Copa Libertadores Group 2,
L,copalibertadoresgrp3~copalibertadoresgrpc,603,Copa Libertadores Group 3,
L,copalibertadoresgrp4~copalibertadoresgrpd,604,Copa Libertadores Group 4,
L,copalibertadoresgrp5~copalibertadoresgrpe,605,Copa Libertadores Group 5,
L,copalibertadoresgrp6~copalibertadoresgrpf,606,Copa Libertadores Group 6,
L,copalibertadoresgrp7~copalibertadoresgrpg,607,Copa Libertadores Group 7,
L,copalibertadoresgrp8~copalibertadoresgrph,608,Copa Libertadores Group 8,
C,copalibertadoresfinalstage,609,Copa Libertadores Finals,
C,recopasudamericana,625,Recopa Sudamericana,
C,copasudamericana,650,Copa Sudamericana,
C,copasudamericanaqualification,651,Copa Sudamericana Qualification,
C,copasudamericanagrpa,661,Copa Sudamericana Group A
C,copasudamericanagrpb,662,Copa Sudamericana Group B
C,copasudamericanagrpc,663,Copa Sudamericana Group C
C,copasudamericanagrpd,664,Copa Sudamericana Group D
C,copasudamericanagrpe,665,Copa Sudamericana Group E
C,copasudamericanagrpf,666,Copa Sudamericana Group F
C,copasudamericanagrpg,667,Copa Sudamericana Group G
C,copasudamericanagrph,668,Copa Sudamericana Group H
C,torneodeverano,651,Torneo de Verano,
#,,,,
# AFC,,,,
#,,,,
			C,afcchampionsleaguequalification,700,AFC Champions League Qualification Round,
			L,afcchampionsleaguegrpa,701,AFC Champions League Group A,
			L,afcchampionsleaguegrpb,702,AFC Champions League Group B,
			L,afcchampionsleaguegrpc,703,AFC Champions League Group C,
			L,afcchampionsleaguegrpd,704,AFC Champions League Group D,
			L,afcchampionsleaguegrpe,705,AFC Champions League Group E,
			L,afcchampionsleaguegrpf,706,AFC Champions League Group F,
			L,afcchampionsleaguegrpg,707,AFC Champions League Group G,
			L,afcchampionsleaguegrph,708,AFC Champions League Group H,
			L,afcchampionsleaguegrpi,709,AFC Champions League Group I,
			L,afcchampionsleaguegrpj,710,AFC Champions League Group J,
			C,afcchampionsleaguefinalstage,709,AFC Champions League Finals,
			L,afccupgrpa,710,AFC Cup Group A,
			L,afccupgrpb,711,AFC Cup Group B,
			L,afccupgrpc,712,AFC Cup Group C,
			L,afccupgrpd,713,AFC Cup Group D,
			L,afccupgrpe,714,AFC Cup Group E,
			L,afccupgrpf,715,AFC Cup Group F,
			L,afccupgrpg,716,AFC Cup Group G,
			L,afccupgrph,717,AFC Cup Group H,
			L,afccupgrpi,718,AFC Cup Group I,
			C,afccupfinalstage,719,AFC Cup Finals,
L,asiancupqualificationround3grpa,726,Asian Cup Qualifications 3rd Round Group A,
L,asiancupqualificationround3grpb,727,Asian Cup Qualifications 3rd Round Group B,
L,asiancupqualificationround3grpc,728,Asian Cup Qualifications 3rd Round Group C,
L,asiancupqualificationround3grpd,729,Asian Cup Qualifications 3rd Round Group D,
L,asiancupqualificationround3grpe,730,Asian Cup Qualifications 3rd Round Group E,
L,asiancupqualificationround3grpf,731,Asian Cup Qualifications 3rd Round Group F,
L,asiancupgrpa,732,AFC Asian Cup Group A,
L,asiancupgrpb,733,AFC Asian Cup Group B,
L,asiancupgrpc,734,AFC Asian Cup Group C,
L,asiancupgrpd,735,AFC Asian Cup Group D,
L,asiancupgrpe,735,AFC Asian Cup Group E,
L,asiancupgrpf,735,AFC Asian Cup Group F,
C,asiancup1/8finals,736,AFC Asian Cup Round of 16,
C,asiancupquarterfinals,737,AFC Asian Cup Quarter Finals,
C,asiancupsemifinals,738,AFC Asian Cup Semi-Finals,
C,asiancupfinal,739,AFC Asian Cup Final,
L,southeastasiangamesgrpa,8300,South-East Asian Games Group A,
L,southeastasiangamesgrpb,8301,South-East Asian Games Group B,
C,southeastasiangamesfinalstage,8302,southeastasiangamesfinalstage,
C,eastasianchampionshipfinalstage,8320,East Asian Championship Finals,
C,gulfcupgrpa,8325,Gulf Cup Group A,
C,gulfcupgrpb,8326,Gulf Cup Group B,
C,gulfcupfinalstage,8327,Gulf Cup Finals,
L,affchampionshipgrpa,8328,AFF Championship Group A,
L,affchampionshipgrpb,8329,AFF Championship Group B,
C,affchampionshipfinalstage,8330,AFF Championship Finals,
#,,,,
# CAF,,,,
#,,,,
C,cafsupercup,1201,CAF Super Cup,
L,cafchampionsleaguegrpa,1210,CAF Champions League Group A,
L,cafchampionsleaguegrpb,1211,CAF Champions League Group B,
L,cafchampionsleaguegrpc,1212,CAF Champions League Group C,
L,cafchampionsleaguegrpd,1213,CAF Champions League Group D,
			L,cafconfederationcupgrpa,1210,CAF Confederation Cup Group A,
			L,cafconfederationcupgrpb,1211,CAF Confederation Cup Group B,
			L,cafconfederationcupgrpc,1212,CAF Confederation Cup Group C,
			L,cafconfederationcupgrpd,1213,CAF Confederation Cup Group D,
C,cafchampionsleaguefinalstage,1214,CAF Champions League Finals,
L,africannationschampionshipgrpa,1220,African Nations Championship Group A,
L,africannationschampionshipgrpb,1221,African Nations Championship Group B,
L,africannationschampionshipgrpc,1222,African Nations Championship Group C,
L,africannationschampionshipgrpd,1223,African Nations Championship Group D,
C,africannationschampionshipfinalstage,1224,African Nations Championship Final Stage,
			C,cafconfederationcupfinalstage,1224,CAF Confederation Cup Finals,
L,africacupofnationsgrpa,1251,CAF African Cup Of Nations Finals Group A,
L,africacupofnationsgrpb,1251,CAF African Cup Of Nations Finals Group B,
L,africacupofnationsgrpc,1251,CAF African Cup Of Nations Finals Group C,
L,africacupofnationsgrpd,1251,CAF African Cup Of Nations Finals Group D,
L,africacupofnationsgrpe,1251,CAF African Cup Of Nations Finals Group E,
L,africacupofnationsgrpf,1251,CAF African Cup Of Nations Finals Group F,
C,africacupofnations18finals,1252,CAF African Cup Of Nations Finals Round of 16,
C,africacupofnationsquarterfinals,1252,CAF African Cup Of Nations Quarter Finals,
C,africacupofnationssemifinals,1252,CAF African Cup Of Nations Semi-Finals,
C,africacupofnationsbronzematch,1252,CAF African Cup Of Nations 3rd Place Match,
C,africacupofnationsfinal,1252,CAF African Cup Of Nations Grand Final,
C,africannationschampionshipqualification,1299,Africa Cup Of Nations Qualifiers,
L,africacupofnationsqualificationgrpa,1300,Africa Cup Of Nations Qualifiers Group A,
L,africacupofnationsqualificationgrpb,1301,Africa Cup Of Nations Qualifiers Group B,
L,africacupofnationsqualificationgrpc,1302,Africa Cup Of Nations Qualifiers Group C,
L,africacupofnationsqualificationgrpd,1303,Africa Cup Of Nations Qualifiers Group D,
L,africacupofnationsqualificationgrpe,1304,Africa Cup Of Nations Qualifiers Group E,
L,africacupofnationsqualificationgrpf,1305,Africa Cup Of Nations Qualifiers Group F,
L,africacupofnationsqualificationgrpg,1306,Africa Cup Of Nations Qualifiers Group G,
L,africacupofnationsqualificationgrph,1307,Africa Cup Of Nations Qualifiers Group H,
L,africacupofnationsqualificationgrpi,1308,Africa Cup Of Nations Qualifiers Group I,
L,africacupofnationsqualificationgrpj,1309,Africa Cup Of Nations Qualifiers Group J,
L,africacupofnationsqualificationgrpk,1310,Africa Cup Of Nations Qualifiers Group K,
L,africacupofnationsqualificationgrpl,1311,Africa Cup Of Nations Qualifiers Group L,
L,cecafaseniorchallengecupgrpa,1350,CECAFA Senior Challenge Cup Group A,
L,cecafaseniorchallengecupgrpb,1351,CECAFA Senior Challenge Cup Group B,
L,cecafaseniorchallengecupgrpc,1352,CECAFA Senior Challenge Cup Group C,
L,cecafaseniorchallengecupfinalstage,1352,CECAFA Senior Challenge Cup Finals,
C,cosafacupplacementmatches,1353,COSAFA Cup Placement Matches,
N,IRN,Iran,520,iran
			L,persiangulfproleague,10,Persian Gulf Pro League,
			L,azadeganleague,20,Azadegan League,
C,hazficup,100,Hazfi Cup,
N,IRL,Ireland,180,ireland
			C,supercup,1,Super Cup,
			L,premierdivision,10,League of Ireland Premier Division,
			C,premierdivisionqualification,11,League of Ireland Premier Division Qualification,
C,1divisionpromotionplayoff,20,League of Ireland First Division Promotion Playoff,
			L,1division,20,League of Ireland First Division,
			C,leaguecup,50,League of Ireland Cup,
			C,faicup,100,FAI Cup,
N,ISR,Israel,590,israel
C,supercup,1,Supercup,
L,ligathaal,10,Ligat Ha'al,
L,ligathaalchampionshipgroup,11,Ligat Ha'al Championship Group,
L,ligathaalrelegationgroup,12,Ligat Ha'al Relegation Group,
L,leumitleague,20,Leumit League,
L,leumitleagueplayoffpromotiongroup,21,Leumit League Playoff Promotion Group,
L,leumitleagueplayoffrelegationgroup,22,Leumit League Playoff Relegation Group,
C,leumitleaguequalification,23,Leumit League Qualification,
C,totocupuefaqualifiersmatch,50,Toto Cup UEFA Qualifier,
C,totocupplacementmatches,50,Toto Cup Placement Matches,
C,totocup,50,Toto Cup,
C,totocupfinalstage,51,Toto Cup Finals,
C,cup,100,Israeli FA Cup,
N,ITA,Italy,110,italy
C,supercup,1,Supercoppa Italiana,
L,seriea,10,Serie A,
L,serieawomen,10,Serie A Femminile, 
L,serieb,20,Serie B,
C,seriebpromotionplayoff,21,Serie B Promotion Playoff,
C,seriebrelegationplayoff,22,Serie B Relegation Playoff,
L,seriecgrpa,31,Serie C Gruppa A,
L,seriecgrpb,32,Serie C Gruppa B,
L,seriecgrpc,33,Serie C Gruppa C,
C,seriecpromotionplayoffgrpa,34,Serie C Promotion Playoff Group A,
C,seriecpromotionplayoffgrpb,35,Serie C Promotion Playoff Group B,
C,seriecpromotionplayoffgrpc,36,Serie C Promotion Playoff Group C,
C,seriecplayofffinalstage,37,Serie C Promotion Playoff Finals,
C,seriecpromotionplayofffinalstage,38,Serie C Promotion Finals,
C,seriecrelegationplayoff,39,Serie C Relegation Playoff,
C,seriecrelegationplayoffgrpa,34,Serie C Relegation Playoff Group A,
C,seriecrelegationplayoffgrpb,35,Serie C Relegation Playoff Group B,
C,seriecrelegationplayoffgrpc,36,Serie C Relegation Playoff Group C,
C,seriecrelegationplayofffinalstage,37,Serie C Relegation Final,
C,seriecsupercup,39,Lega Pro Super Cup,
C,coppaitalia,50,Coppa Italia,
N,JPN,Japan,90,japan
C,supercup,1,Super Cup,
			L,jleague,10,J-League,
			C,jleaguequalification,11,J-League Qualification,
C,jleague2playoff,11,J-League 2 Playoff,
C,jleague2promotionplayoff,12,J-League 2 Promotion Playoff,
			L,jleague2,20,J-League 2,
			C,cup,100,Emperor's Cup,
			C,leaguecupgrpa,200,J-League Cup Group A,
			C,leaguecupgrpb,201,J-League Cup Group B,
			C,leaguecupgrpc,202,J-League Cup Group C,
			C,leaguecupgrpd,203,J-League Cup Group D,
			C,leaguecupfinalstage,202,J-League Cup,
N,JOR,Jordan,850,jordan
L,premierleague,10,Premier League,
N,KAZ,Kazakhstan,690,kazakhstan
C,supercup,1,Supercup,
			L,premierleague,10,Premier League,
			C,premierleaguequalification,11,Premier League Qualification,
N,KEN,Kenya,660,kenya
C,supercup,1,Super Cup,
L,premierleague,10,Premier League,
N,LVA,Latvia,420,latvia
			L,virsliga,10,Virsliga,
			C,virsligaqualification,11,Virsliga Qualification,
N,LTU,Lithuania,300,lithuania
C,supercup,1,LFF Supercup,
			L,alyga,10,A-Lyga,
C,alygachampionshipgroup,11,A-Lyga Championship Group,
			C,alygaqualification,12,A-Lyga Qualification,
N,LUX,Luxembourg,605,luxembourg
L,nationaldivision,10,National Division,
C,cup,100,Luxembourg Cup,
N,MKD,North Macedonia,600,macedonia
L,prvaliga,10,Prva Liga,
C,prvaligaqualification,11,Prva Liga Qualification,
C,cup,100,North Macedonia FA Cup,
N,MAS,Malaysia,740,malaysia
L,premierleague,10,Premier League,
L,superliga,20,Superliga,
N,MEX,Mexico,260,mexico
C,supercopamx,1,SuperCopa MX,
L,ligamxapertura~ligamxguard1anes,10,Liga MX - Apertura,
C,ligamxguard1anesplayoff,11,Liga MX - Guard1anes Apertura Playoff,
C,ligamxguard1anesclausura,11,Liga MX Guard1anes - Clausura,
C,copamxaperturagrp1,101,Copa MX Apertura Group 1,
C,copamxaperturagrp2,102,Copa MX Apertura Group 2,
C,copamxaperturagrp3,103,Copa MX Apertura Group 3,
C,copamxaperturagrp4,104,Copa MX Apertura Group 4,
C,copamxaperturagrp5,105,Copa MX Apertura Group 5,
C,copamxaperturagrp6,106,Copa MX Apertura Group 6,
C,copamxaperturagrp7,107,Copa MX Apertura Group 7,
C,copamxaperturagrp8,108,Copa MX Apertura Group 8,
C,copamxaperturagrp9,109,Copa MX Apertura Group 9,
C,copamxaperturafinalstage,110,Copa MX Apertura Finals,
L,ligamxclausura,10,Liga MX - Clausura,
L,ligadeexpansionmxapertura,20,Liga de Expansion - Apertura,
L,ligadeexpansionmxclausura,20,Liga de Expansion - Clausura,
C,ligadeexpansionmxclausurafinalstage,21,Liga de Expansion Final,
C,ligadeexpansionmxaperturafinalstage,21,Liga de Expansion Final,
C,ligamxclausuraplayoff,11,Liga MX - Clausura Playoff,
C,ligamxchampionshipfinal,12,Liga MX Championship Final,
C,copamxclausuragrp1,101,Copa MX Clausura Group 1,
C,copamxclausuragrp2,102,Copa MX Clausura Group 2,
C,copamxclausuragrp3,103,Copa MX Clausura Group 3,
C,copamxclausuragrp4,104,Copa MX Clausura Group 4,
C,copamxclausuragrp5,105,Copa MX Clausura Group 5,
C,copamxclausuragrp6,106,Copa MX Clausura Group 6,
C,copamxclausuragrp7,107,Copa MX Clausura Group 7,
C,copamxclausuragrp8,108,Copa MX Clausura Group 8,
C,copamxclausuragrp9,109,Copa MX Clausura Group 9,
C,copamxclausurafinalstage,110,Copa MX Clausura Finals,
L,copamxgrp1,101,Copa MX Group 1,
L,copamxgrp2,102,Copa MX Group 2,
L,copamxgrp3,103,Copa MX Group 3,
L,copamxgrp4,104,Copa MX Group 4,
L,copamxgrp5,105,Copa MX Group 5,
L,copamxgrp6,106,Copa MX Group 6,
L,copamxgrp7,107,Copa MX Group 7,
L,copamxgrp8,108,Copa MX Group 8,
L,copamxgrp9,109,Copa MX Group 9,
C,copamxfinalstage,110,Copa MX Finals,
N,MDA,Moldova,670,moldova
			L,nationaldivision,10,Divizia Na&tcedil;ional&abreve;,
C,nationaldivisionchampionshipfinal,11,Divizia Na&tcedil;ional&abreve; Final,
N,MNE,Montenegro,510,montenegro
L,1cfl,10,1. CFL,
C,1cflqualification,11,1. CFL Qualification,
			N,MAR,Morocco,500,morocco
			L,botolapro,10,Botola Pro,
N,MYA,Myanmar,730,myanmar
L,nationalleague,10,National League,
N,NED,Netherlands,100,netherlands
C,supercup,1,Johan Cruyff Shield,
L,eredivisie,10,Eredivisie,
L,eredivisiecomeback,10,Eredivisie Comeback,
C,europaleagueplayoff,11,Europa League Playoff,
C,eredivisiequalification,19,Eredivisie Qualification,
L,eerstedivisie,20,Eerste Divisie,
L,tweededivisie,30,Tweede Divisie,
C,knvbcup,100,KNVB Cup,
N,NCA,Nicuragua,890,nicuragua
L,ligaprimeraclausura,10,Liga Primera Clausura,
C,ligaprimeraclausuraplayoff,10,Liga Primera Clausura Playoff,
N,NGA,Nigeria,840,nigeria
			L,npfl,10,Nigeria Professional Football League,
			L,npflgrpa,10,Nigeria Professional Football League Group A,
			L,npflgrpb,11,Nigeria Professional Football League Group B,
L,npflchampionshipgroup,12,NPFL Championship Group,
N,NIR,Northern Ireland,170,northernireland
L,premiership,10,Premiership,
L,premiershipchampionshipgroup,11,Premiership Championship Group,
C,europaleagueplayoff,12,Europa League Playoff,
L,premiershiprelegationgroup,13,Premiership Relegation Group,
N,NOR,Norway,250,norway
C,supercup,1,Superfinalen,
			L,eliteserien,10,Eliteserien,
			L,toppserien,10,Toppserien,
			L,1divisjon,20,1. Divisjon,
			C,1divisjonqualification,21,1. Divisjon Qualification,
			L,2divisjonavd1,31,2. Divisjon avd 1,
			L,2divisjonavd2,32,2. Divisjon avd 2,
L,2divisjonavd1promotiongroup,31,2. Divisjon avd 1 Promotion Group, (NOR)
L,2divisjonavd2promotiongroup,32,2. Divisjon avd 2 Promotion Group, (NOR)
C,cup,100,Norgesmesterskapet Cupen,
			C,eliteserienqualification,21,Eliteserien Qualification,
			C,toppserienqualification,22,Toppserien Qualification,
N,PAR,Paraguay,470,paraguay
L,divisionprofesional,10,Division Profesional,
L,divisionprofesionalapertura,10,Divisi&oacute;n Profesional - Apertura,
L,divisionprofesionalclausura,10,Divisi&oacute;n Profesional - Clausura,
C,divisionprofesionalclausurafinalstage,11,Divisi&oacute;n Profesional - Finals,
C,divisionprofesionalrelegationplayoff,11,Division Profesional Relegation Playoff,
C,divisionprofesionalclausurafinalstage,12,Divisi&oacute;n Profesional - Clausura Finals,
N,PER,Peru,630,peru
L,liga1fase1,10,Liga 1 Phase 1,
L,liga1apertura~primeradivisionapertura,10,Liga 1 Apertura,
L,liga1clausura~primeradivisionclausura,10,Liga 1 Clausura,
L,liga1clausuragroupa,10,Liga 1 Clausura Group A,
L,liga1clausuragroupb,11,Liga 1 Clausura Group B,
L,liga1finalstage,10,Liga 1 Finals,
L,primeradivisiontorneodeveranogrpa,10,Primera Division Torneo de Verano Group A,
L,primeradivisiontorneodeveranogrpb,10,Primera Division Torneo de Verano Group B,
C,primeradivisionfinalstage,15,Primera Division Final Stage,
C,primeradivisiontorneodeveranofinalstage,15,Primera Division Torneo de Verano Final Stage,
C,primeradivisionclausurachampionshipplayoff,16,Primera Division Clausura Playoff,
N,POL,Poland,350,poland
C,supercup,1,SuperPuchar Polski,
L,ekstraklasa,10,Ekstraklasa,
L,ekstraklasachampionshipgroup,11,Ekstraklasa Championship Group,
L,ekstraklasarelegationgroup,12,Ekstraklasa Relegation Group,
L,1division,20,I Liga,
C,1divisionqualification,21,I Liga Qualification,
C,1divisionpromotionplayoff,22,I Liga Promotion Playoff,
L,2division,30,II Liga,
C,2divisionpromotionplayoff,22,II Liga Promotion Playoff,
C,facup,100,Puchar Polski,
N,POR,Portugal,160,portugal
C,supercup,1,Superta&ccedil;a C&acirc;ndido de Oliveira,
L,primeiraliga,10,Primeira Liga,
L,segundaliga,20,Segunda Liga,
C,segundaligaqualification,21,Segunda Liga Qualification,
C,cup,50,Ta&ccedil;a de Portugal,
C,leaguecup,100,Ta&ccedil;a da Liga,
C,leaguecupgrpa,101,Ta&ccedil;a da Liga Group A,
C,leaguecupgrpb,102,Ta&ccedil;a da Liga Group B,
C,leaguecupgrpc,103,Ta&ccedil;a da Liga Group C,
C,leaguecupgrpd,104,Ta&ccedil;a da Liga Group D,
C,leaguecupfinalstage,105,Ta&ccedil;a da Liga Finals,
N,QAT,Qatar,860,qatar
L,qatarstarsleague,10,Qatar Stars League,
C,qatarstarsleaguequalification,11,Qatar Stars League Qualification,
N,ROU,Romania,680,romania
			C,supercup,1,Supercupa Rom&acirc;niei,
L,ligai,10,Liga I,
L,ligaichampionshipgroup,11,Liga I Championship Group,
L,ligairelegationgroup,12,Liga I Relegation Group,
C,ligaiqualification,13,Liga I Qualifiers,
C,leaguecup,50,Cupa Ligii,
C,cup,100,Cupa Rom&acirc;niei,
N,RUS,Russia,200,russia
C,supercup,1,supercup,
L,premierleague,10,Premier League,
C,premierleaguequalification,11,Premier League Qualification,
			L,nationalfootballleague~footballnationalleague,20,National Football League,
L,pflgroup1~pflgrp1,31,Russian PFL Group 1,
L,pflgroup2~pflgrp2,32,Russian PFL Group 2,
L,pflgroup3~pflgrp3,33,Russian PFL Group 3,
L,pflgroup4~pflgrp4,34,Russian PFL Group 4,
C,cup,100,Russian FA Cup,
C,cupgrp1,101,Russian FA Cup Group 1,
C,cupgrp2,102,Russian FA Cup Group 2,
C,cupgrp3,103,Russian FA Cup Group 3,
C,cupgrp4,104,Russian FA Cup Group 4,
C,cupgrp5,105,Russian FA Cup Group 5,
C,cupgrp6,106,Russian FA Cup Group 6,
C,cupgrp7,107,Russian FA Cup Group 7,
C,cupgrp8,108,Russian FA Cup Group 8,
C,cupgrp9,109,Russian FA Cup Group 9,
C,cupgrp10,110,Russian FA Cup Group 10,
C,cupfinalstage,111,Russian FA Cup,
N,KSA,Saudi Arabia,800,saudiarabia
C,supercup,1,Super Cup,
L,premierleague,10,Premier League,
C,premierleaguequalification,11,Premier League Qualification,
C,kingscup,100,King's Cup,
N,SCO,Scotland,30,scotland
L,premiership~premiershipchampionshipgroup~premiershiprelegationgroup,10,Scottish Premiership,
C,premiershipplayoff,11,Premiership Playoff,
L,championship,20,SPFL Championship,
C,championshipplayoff,21,Championship Playoff,
L,leagueone,30,SPFL League One,
C,leagueoneplayoff,31,League One Playoff,
C,leagueonepromotiongroup,31,League One Promotion Group,
C,leagueonerelegationgroup,31,League One Relegation Group,
L,leaguetwo,40,SPFL League Two,
C,leaguetwopromotiongroup,41,League One Promotion Group,
C,leaguetworelegationgroup,41,League One Relegation Group,
C,facup,50,Scottish FA Cup,
C,challengecup,70,Challenge Cup,
C,leaguecup,80,Scottish Communities League Cup,
L,leaguecupgrpa,81,Scottish Communities League Cup Group A,
L,leaguecupgrpb,82,Scottish Communities League Cup Group B,
L,leaguecupgrpc,83,Scottish Communities League Cup Group C,
L,leaguecupgrpd,84,Scottish Communities League Cup Group D,
L,leaguecupgrpe,85,Scottish Communities League Cup Group E,
L,leaguecupgrpf,86,Scottish Communities League Cup Group F,
L,leaguecupgrpg,87,Scottish Communities League Cup Group G,
L,leaguecupgrph,88,Scottish Communities League Cup Group H,
C,leaguecupfinalstage,89,Scottish Communities League Cup Finals,
N,SRB,Serbia,230,serbia
L,superliga,10,SuperLiga,
L,superligachampionshipgroup,11,Superliga Championship Group,
L,superligarelegationgroup,12,Superliga Relegation Group,
C,superligaqualification,13,SuperLiga Qualification,
C,cup,100,Kup Srbije,
N,SIN,Singapore,650,singapore
L,sleague,10,S-League,
C,cup,100,Singaporean FA Cup,
C,cupgrpa,101,Singaporean FA Cup Group A,
C,cupgrpb,101,Singaporean FA Cup Group B,
C,cupfinalstage,101,Singaporean FA Cup Finals,
C,leaguecupgrpa,200,League Cup Group A,
C,leaguecupgrpb,201,League Cup Group B,
C,leaguecupfinalstage,202,League Cup Finals,
N,SVK,Slovakia,490,slovakia
L,superliga,10,SuperLiga,
C,superligaqualification,11,SuperLiga Qualification,
C,superligachampionshipgroup,12,SuperLiga Championship Group,
C,superligaeuropaleagueplayoff,12,SuperLiga Europa League Playoff,
C,superligarelegationgroup,13,SuperLiga Relegation Group,
C,facup,100,Slovensk&yacute; Poh&aacute;r,
N,SVN,Slovenia,480,slovenia
L,prvaliga,10,PrvaLiga,
C,prvaligaqualification,11,PrvaLiga Qualification,
C,cup,100,Pokal Slovenije,
N,RSA,South Africa,560,southafrica
L,premiersoccerleague,10,Premier Soccer League,
L,premiersoccerleaguequalificationgroup,11,Premier Soccer League Qualification Group,
			N,KOR,South Korea,280,southkorea
			L,kleague~kleague1,10,K-League,
			C,kleaguequalification,11,K-League Qualification,
			C,kleague1qualification,11,K-League Qualification,
			L,kleague2,20,K-League 2,
			C,kleague2playoff,21,K-League 2 Playoff,
			C,cup,100,Korean FA Cup,
N,ESP,Spain,60,spain
C,supercup,1,Supercopa de Espa&ntilde;a,
L,laliga~primeradivision,10,La Liga,
L,laliga2~segundadivision,20,La Liga 2,
C,laliga2playoff~segundadivisionplayoff,21,Segundad Division Playoff,
L,segundabgrpi,31,Segunda Divisi&oacute;n B Group I,
L,segundabgrpii,32,Segunda Divisi&oacute;n B Group II,
L,segundabgrpiii,33,Segunda Divisi&oacute;n B Group III,
L,segundabgrpiv,34,Segunda Divisi&oacute;n B Group IV,
C,segundabpromotionplayoff,35,Segunda B Promotion Playoff,
C,segundabrelegationplayoff,36,Segunda B Relegation Playoff,
L,segundabgrpigrpa,31,Liga Segunda B Group I-A,
L,segundabgrpigrpb,31,Liga Segunda B Group I-B,
L,segundabgrpipromotiongroup,31,Liga Segunda B Group I Promotion Group,
L,segundabgrpirelegationgroup,31,Liga Segunda B Group I Relegation Group,
L,segundabgrpisecondstage,31,Liga Segunda B Group I 2nd Stage,
L,segundabgrpiigrpa,32,Liga Segunda B Group II-A,
L,segundabgrpiigrpb,32,Liga Segunda B Group II-B,
L,segundabgrpiipromotiongroup,32,Liga Segunda B Group II Promotion Group,
L,segundabgrpiirelegationgroup,32,Liga Segunda B Group II Relegation Group,
L,segundabgrpiisecondstage,32,Liga Segunda B Group II 2nd Stage,
L,segundabgrpiiigrpa,33,Liga Segunda B Group III-A,
L,segundabgrpiiigrpb,33,Liga Segunda B Group III-B,
L,segundabgrpiiipromotiongroup,33,Liga Segunda B Group III Promotion Group,
L,segundabgrpiiirelegationgroup,33,Liga Segunda B Group III Relegation Group,
L,segundabgrpiiisecondstage,33,Liga Segunda B Group III 2nd Stage,
L,segundabgrpivgrpa,34,Liga Segunda B Group IV-A,
L,segundabgrpivgrpb,34,Liga Segunda B Group IV-B,
L,segundabgrpivpromotiongroup,34,Liga Segunda B Group IV Promotion Group,
L,segundabgrpivrelegationgroup,34,Liga Segunda B Group IV Relegation Group,
L,segundabgrpivsecondstage,34,Liga Segunda B Group IV 2nd Stage,
L,segundabgrpvgrpa,35,Liga Segunda B Group V-A,
L,segundabgrpvgrpb,35,Liga Segunda B Group V-B,
L,segundabgrpvpromotiongroup,35,Liga Segunda B Group V Promotion Group,
L,segundabgrpvrelegationgroup,35,Liga Segunda B Group V Relegation Group,
L,segundabgrpvsecondstage,35,Liga Segunda B Group V 2nd Stage,
C,copadelrey,5,Copa del Rey,
			N,SWE,Sweden,150,sweden
			L,allsvenskan,10,Allsvenskan,
			C,allsvenskanqualification,11,Allsvenskan Qualification,
			L,damallsvenskan,10,Damallsvenskan,
			C,superettanqualification,12,Superettan Qualification,
			L,superettan,20,Superettan,
			C,cup,100,Svenska Cupen,
			L,cupgrp1,101,Svenska Cupen Group 1,
			L,cupgrp2,102,Svenska Cupen Group 2,
			L,cupgrp3,103,Svenska Cupen Group 3,
			L,cupgrp4,104,Svenska Cupen Group 4,
			L,cupgrp5,105,Svenska Cupen Group 5,
			L,cupgrp6,106,Svenska Cupen Group 6,
			L,cupgrp7,107,Svenska Cupen Group 7,
			L,cupgrp8,108,Svenska Cupen Group 8,
			C,cupfinalstage,109,Svenska Cupen Finals,
N,SUI,Switzerland,130,switzerland
L,superleague,10,Super League,
C,superleaguequalification,11,Super League Qualification,
L,challengeleague,20,Challenge League,
C,cup,100,Swiss Cup,
			N,TAN,Tanzania,920,tanzania
			L,premierleague,10,Premier League,
N,THA,Thailand,570,thailand
L,thaileague,10,Thai League,
N,TUN,Tunisia,440,tunisia
L,liguei,10,Ligue I,
L,ligueigroupa,10,Ligue I Group A,
L,ligueigroupb,11,Ligue I Group B,
L,ligueichampionshipgroup,12,Ligue 1 Championship Group,
L,ligueirelegationgroup,13,Ligue 1 Relegation Group,
C,ligueiqualification~ligueiqualificationgroup,14,Ligue I Qualification,
L,ligueiigrpa,21,Ligue II Group A
N,TUR,Turkey,240,turkey
C,supercup,1,S&uuml;per Kupa,
L,superlig,10,S&uuml;per Lig,
L,1lig,20,1. Lig,
C,1ligplayoff,21,1. Lig Playoff,
C,cup,100,T&uuml;rkiye Kupas&inodot;,
C,cupgrpa,101,T&uuml;rkiye Kupas&inodot; Group A,
C,cupgrpb,102,T&uuml;rkiye Kupas&inodot; Group B,
C,cupgrpc,103,T&uuml;rkiye Kupas&inodot; Group C,
C,cupgrpd,104,T&uuml;rkiye Kupas&inodot; Group D,
C,cupgrpe,105,T&uuml;rkiye Kupas&inodot; Group E,
C,cupgrpf,106,T&uuml;rkiye Kupas&inodot; Group F,
C,cupgrpg,107,T&uuml;rkiye Kupas&inodot; Group G,
C,cupgrph,108,T&uuml;rkiye Kupas&inodot; Group H,
C,cupfinalstage,109,T&uuml;rkiye Kupas&inodot; Final Stage,
N,UKR,Ukraine,330,ukraine
C,supercup,1,Super Cup,
L,premierleague,10,Premier League,
L,premierleaguechampionshipgroup,11,Premier League Championship Group,
L,premierleagueeuropaleagueplayoff,12,Premier League Europa League Playoff,
L,premierleaguerelegationgroup,12,Premier League Relegation Group,
C,premierleaguequalification,13,Premier League Qualification,
C,cup,100,Ukrainian FA Cup,
N,UAE,United Arab Emirates,830,unitedarabemirates
L,arabiangulfleague,10,Arabian Gulf League,
C,presidentscup,100,President's Cup,
N,USA,United States,190,unitedstates
			L,majorleaguesoccer,10,Major League Soccer,
			L,majorleaguesoccergrpa,11,MLS Group A,
			L,majorleaguesoccergrpb,12,MLS Group B,
			L,majorleaguesoccergrpc,13,MLS Group C,
			L,majorleaguesoccergrpd,14,MLS Group D,
			L,majorleaguesoccergrpe,15,MLS Group E,
			L,majorleaguesoccergrpf,16,MLS Group F,
			C,majorleaguesoccerplayoff~majorleaguesoccerchampionshipplayoff,11,Major League Soccer Playoffs,
L,naslfallseason,20,NASL Fall Season,
L,naslspringseason,20,NASL Spring Season,
L,nisafallseason,21,NISA Fall Season,
L,nisaspringseason,21,NISA Spring Season,
L,nisafallseasonchampionshipgrpa,21,NISA Fall Season Championship Group A,
L,nisafallseasonchampionshipgrpb,21,NISA Fall Season Championship Group B,
L,nisaspringseasonchampionshipgrpa,21,NISA Spring Season Championship Group A,
L,nisaspringseasonchampionshipgrpb,21,NISA Spring Season Championship Group B,
C,nisalegendscup,22,NISA Legends Cup,
C,nisalegendscupplayoff,22,NISA Legends Cup Playoffs,
C,nisalegendscupplacementmatches,22,NISA Legends Cup Placement Matches,
			L,usl~uslchampionship,30,United Soccer League Championship,
			C,uslplayoff~uslchampionshipplayoff,31,USL Playoff,
			L,uslleagueone,40,USL League 1,
			C,uslleagueoneplayoff,41,USL League 1 Playoff,
			L,nwsl,50,National Women's Soccer League,
L,nwslfallseriesnortheast,51,NWSL Fall Series (North-east),
L,nwslfallseriessouth,51,NWSL Fall Series (South),
L,nwslfallserieswest,51,NWSL Fall Series (West),
L,nwslchallengecupeast,52,NWSL Challenge Cup East,
L,nwslchallengecupwest,52,NWSL Challenge Cup West,
			C,nwslplayoff,51,NWSL Playoff,
C,usopencup,100,US Open Cup,
C,nwslchallengecup,101,NWSL Challenge Cup,
C,nwslchallengecupfinalstage,101,NWSL Challenge Cup Finals,
N,URU,Uruguay,380,uruguay
			L,primeradivisionapertura,10,Primera Division Apertura,
			L,primeradivisionclausura,10,Primera Division Clausura,
L,primeradivisiongroupb,10,Primera Division Group B,
L,primeradivisionclausurafinalstage,11,Primera Division Clausura Finals,
C,primeradivisionaperturafinal,11,Primera Division Apertura Final,
			C,primeradivisionfinalstage,11,Primera Division Finals,
C,primeradivisionintermedio,15,Primera Division Intermedio,
C,primeradivisionintermediofinalstage,16,Primera Division Intermedio Finals,
C,primeradivisionrelegationplayoff,17,Primera Division Relegation Playoff,
N,VEN,Venezuela,400,venezuela
			L,primeradivision,10,Primera Division, 
			L,primeradivisiongrupooriental,10,Primera Division Group Oriental,
			L,primeradivisiongrupooccidental,10,Primera Division Group Occidental,
			L,primeradivisiongrupocentral,10,Primera Division Group Central,
			L,primeradivisionapertura,10,Primera Division Apertura,
L,primeradivisiongroupa,10,Primera Division Group A,
L,primeradivisiongroupb,11,Primera Division Group B,
C,primeradivisionaperturafinalstage,11,Primera Division Apertura Final Stage,
L,primeradivisionclausura,10,Primera Division Clausura,
C,primeradivisionclausurafinalstage,11,Primera Division Clausura Final Stage,
C,primeradivisionfinalstage,9999,Primera Division Finals,
N,VIE,Vietnam,880,vietnam
L,vleague,10,V-League,
C,vleaguequalification,11,V-League Qualification,
L,vleaguechampionshipgroup,11,V-League Championship Group,
L,vleaguerelegationgroup,11,V-League Relegation Group,
N,WAL,Wales,310,wales
L,premierleague,10,Premier League,
L,premierleaguechampionshipgroup,11,Premier League Championship Group,
C,premierleagueplayoffeuropaleague,11,Premier League Europa League Playoff,
L,premierleaguerelegationgroup,11,Premier League Relegation Group,
L,premierdivision,10,Premier Division,
C,welshcup,100,Welsh Cup,

